{"cameraMode":{"drawMode":0,"name":"Shaded","section":"Shading Mode"},"sceneLighting":true,"audioPlay":false,"sceneViewState":{"showFog":true,"showMaterialUpdate":false,"showSkybox":true,"showFlares":true,"showImageEffects":true,"showParticleSystems":true},"in2DMode":false,"pivot":{"x":116.63021087646485,"y":466.0810241699219,"z":-209.3588104248047},"rotation":{"x":-0.15587040781974793,"y":-0.11407379060983658,"z":0.03443467244505882,"w":-0.9805769324302673},"size":22.712562561035158,"orthographic":false}