{"cameraMode":{"drawMode":0,"name":"Shaded","section":"Shading Mode"},"sceneLighting":false,"audioPlay":false,"sceneViewState":{"showFog":true,"showMaterialUpdate":false,"showSkybox":false,"showFlares":true,"showImageEffects":true,"showParticleSystems":true},"in2DMode":false,"pivot":{"x":82.1614990234375,"y":473.71649169921877,"z":-214.8249969482422},"rotation":{"x":-0.08462593704462052,"y":0.8617222905158997,"z":-0.1530759185552597,"w":-0.4763191342353821},"size":8.577733039855957,"orthographic":false}