{"cameraMode":{"drawMode":0,"name":"Shaded","section":"Shading Mode"},"sceneLighting":false,"audioPlay":false,"sceneViewState":{"showFog":true,"showMaterialUpdate":false,"showSkybox":false,"showFlares":true,"showImageEffects":true,"showParticleSystems":true},"in2DMode":false,"pivot":{"x":82.1614990234375,"y":473.8265075683594,"z":-214.8249969482422},"rotation":{"x":-0.17633144557476045,"y":0.36855924129486086,"z":-0.07138591259717941,"w":-0.9099462032318115},"size":8.64979362487793,"orthographic":false}