{"cameraMode":{"drawMode":0,"name":"Shaded","section":"Shading Mode"},"sceneLighting":true,"audioPlay":false,"sceneViewState":{"showFog":true,"showMaterialUpdate":false,"showSkybox":true,"showFlares":true,"showImageEffects":true,"showParticleSystems":true},"in2DMode":false,"pivot":{"x":80.9000015258789,"y":470.94000244140627,"z":-274.8299865722656},"rotation":{"x":0.3828715980052948,"y":0.3527940809726715,"z":-0.1612071394920349,"w":0.8384618163108826},"size":1.2247449159622193,"orthographic":false}