{"cameraMode":{"drawMode":0,"name":"Shaded","section":"Shading Mode"},"sceneLighting":false,"audioPlay":false,"sceneViewState":{"showFog":true,"showMaterialUpdate":false,"showSkybox":false,"showFlares":true,"showImageEffects":true,"showParticleSystems":true},"in2DMode":false,"pivot":{"x":134.05596923828126,"y":472.3077392578125,"z":-252.5880126953125},"rotation":{"x":-0.11874940246343613,"y":-0.8521594405174255,"z":0.22024019062519074,"w":-0.45962047576904299},"size":8.649789810180664,"orthographic":false}