{"cameraMode":{"drawMode":0,"name":"Shaded","section":"Shading Mode"},"sceneLighting":false,"audioPlay":false,"sceneViewState":{"showFog":true,"showMaterialUpdate":false,"showSkybox":false,"showFlares":true,"showImageEffects":true,"showParticleSystems":true},"in2DMode":false,"pivot":{"x":80.9000015258789,"y":470.94000244140627,"z":-275.8500061035156},"rotation":{"x":0.08638745546340943,"y":0.30504515767097475,"z":-0.027878835797309877,"w":0.94803386926651},"size":1.2247449159622193,"orthographic":false}