{"cameraMode":{"drawMode":0,"name":"Shaded","section":"Shading Mode"},"sceneLighting":false,"audioPlay":false,"sceneViewState":{"showFog":true,"showMaterialUpdate":false,"showSkybox":false,"showFlares":true,"showImageEffects":true,"showParticleSystems":true},"in2DMode":false,"pivot":{"x":-9.97432804107666,"y":-6.09312629699707,"z":-2.2558541297912599},"rotation":{"x":-0.45103850960731509,"y":-0.29902589321136477,"z":0.16356605291366578,"w":-0.8248807787895203},"size":5.533955097198486,"orthographic":false}